<?xml version="1.0" ?>
<?xml-stylesheet type="text/xsl" href="../XSL/Stylesheet.xsl"?>

<!DOCTYPE actors SYSTEM "../DTD/actor.dtd">

<actors>
	<actor>
		<name>Shia LaBeouf</name>
		<biography>Shia Saide LaBeouf was born June 11, 1986 in Los Angeles, California, to Shayna (Saide) and Jeffrey LaBeouf, and is an only child.</biography>
		<born>1986-06-11</born>
		<picture>http://ia.media-imdb.com/images/M/MV5BMTMyNDA0MDI4OV5BMl5BanBnXkFtZTcwMDQzMzEwMw@@._V1_SY317_CR16,0,214,317_.jpg</picture>
		<filmography>
			<movie>Transformers</movie>
			<movie>Transformers 2</movie>
			<movie>Transformers 3</movie>
		</filmography>
	</actor>
	<actor>
		<name>Bryan Cranston</name>
		<biography>Bryan Lee Cranston is an American actor, voice actor, writer and director. He is perhaps best-known for his roles as "Walter White" on the AMC drama series, Breaking Bad (2008).</biography>
		<born>1956-03-07</born>
		<picture>http://ia.media-imdb.com/images/M/MV5BMTA2NjEyMTY4MTVeQTJeQWpwZ15BbWU3MDQ5NDAzNDc@._V1_SX214_CR0,0,214,317_AL_.jpg</picture>
		<filmography>
			<movie>Godzilla</movie>
			<movie>Argo</movie>
			<movie>Drive</movie>
		</filmography>
	</actor>
	<actor>
		<name>Seth Rogen</name>
		<biography>Rogen was born in Vancouver, British Columbia, to Mark and Sandy Rogen.</biography>
		<born>1982-04-15</born>
		<picture>http://ia.media-imdb.com/images/M/MV5BMjA0ODg0MjI3M15BMl5BanBnXkFtZTcwMzE5NjI3Mg@@._V1_SY317_CR8,0,214,317_AL_.jpg</picture>
		<filmography>
			<movie>Neighbors</movie>
			<movie>This Is The End</movie>
			<movie>Superbad</movie>
		</filmography>
	</actor>
	<actor>
		<name>Andrew Garfield</name>
		<biography>Andrew Russell Garfield was born in Los Angeles, California, to a British-born mother, Lynn (Hillman), and an American-born father, Richard Garfield.</biography>
		<born>1983-08-20</born>
		<picture>http://ia.media-imdb.com/images/M/MV5BMTg5NjU4MTYxM15BMl5BanBnXkFtZTYwNDMzODI4._V1_SY317_CR20,0,214,317_AL_.jpg</picture>
		<filmography>
			<movie>The Amazing Spider-Man</movie>
			<movie>The Amazing Spider-Man 2</movie>
			<movie>The Social Network</movie>
		</filmography>
	</actor>
</actors>